Method,Mean Runtime,Max Runtime,Std Runtime
cpp,0.0006899686609686611,0.002598,0.0004151109509299504
nn,0.007628179343677315,0.03011631965637207,0.0058413077886748455
